{"Mean Average Precision": 0.6431034245834875, "Mean Reciprocal Rank": 0.6828233055679279}