{"Mean Average Precision": 0.8374569030454635, "Mean Reciprocal Rank": 0.8635235230521477}