{"Mean Average Precision": 0.7009285651838831, "Mean Reciprocal Rank": 0.7417407620204757}